input_data,average_agreement.py,average_common_pool.py,average_steal_agreement.py,min_agreement.py,min_common_pool.py,min_steal_agreement.py,pref_agreement.py,pref_common_pool.py,pref_steal_agreement.py,rigid_backfill.py,rigid_easy_backfill.py
"30D[100|0|0]#S0{1,128|5E12,4E17}","0, 0.0, 0.0","0, 0.0, 0.0","0, 0.0, 0.0","0, 0.0, 0.0","0, 0.0, 0.0","0, 0.0, 0.0","0, 0.0, 0.0","0, 0.0, 0.0","0, 0.0, 0.0","0, 0.0, 0.0","0, 0.0, 0.0"
"30D[100|0|0]#S1{1,128|5E12,4E17}","0, 0.0, 0.0","0, 0.0, 0.0","0, 0.0, 0.0","0, 0.0, 0.0","0, 0.0, 0.0","0, 0.0, 0.0","0, 0.0, 0.0","0, 0.0, 0.0","0, 0.0, 0.0","0, 0.0, 0.0","0, 0.0, 0.0"
"30D[100|0|0]#S2{1,128|5E12,4E17}","0, 0.0, 0.0","0, 0.0, 0.0","0, 0.0, 0.0","0, 0.0, 0.0","0, 0.0, 0.0","0, 0.0, 0.0","0, 0.0, 0.0","0, 0.0, 0.0","0, 0.0, 0.0","0, 0.0, 0.0","0, 0.0, 0.0"
"30D[100|0|0]#S3{1,128|5E12,4E17}","0, 0.0, 0.0","0, 0.0, 0.0","0, 0.0, 0.0","0, 0.0, 0.0","0, 0.0, 0.0","0, 0.0, 0.0","0, 0.0, 0.0","0, 0.0, 0.0","0, 0.0, 0.0","0, 0.0, 0.0","0, 0.0, 0.0"
"30D[100|0|0]#S4{1,128|5E12,4E17}","0, 0.0, 0.0","0, 0.0, 0.0","0, 0.0, 0.0","0, 0.0, 0.0","0, 0.0, 0.0","0, 0.0, 0.0","0, 0.0, 0.0","0, 0.0, 0.0","0, 0.0, 0.0","0, 0.0, 0.0","0, 0.0, 0.0"
"30D[100|0|0]#S5{1,128|5E12,4E17}","0, 0.0, 0.0","0, 0.0, 0.0","0, 0.0, 0.0","0, 0.0, 0.0","0, 0.0, 0.0","0, 0.0, 0.0","0, 0.0, 0.0","0, 0.0, 0.0","0, 0.0, 0.0","0, 0.0, 0.0","0, 0.0, 0.0"
"30D[100|0|0]#S6{1,128|5E12,4E17}","0, 0.0, 0.0","0, 0.0, 0.0","0, 0.0, 0.0","0, 0.0, 0.0","0, 0.0, 0.0","0, 0.0, 0.0","0, 0.0, 0.0","0, 0.0, 0.0","0, 0.0, 0.0","0, 0.0, 0.0","0, 0.0, 0.0"
"30D[100|0|0]#S7{1,128|5E12,4E17}","0, 0.0, 0.0","0, 0.0, 0.0","0, 0.0, 0.0","0, 0.0, 0.0","0, 0.0, 0.0","0, 0.0, 0.0","0, 0.0, 0.0","0, 0.0, 0.0","0, 0.0, 0.0","0, 0.0, 0.0","0, 0.0, 0.0"
"30D[100|0|0]#S8{1,128|5E12,4E17}","0, 0.0, 0.0","0, 0.0, 0.0","0, 0.0, 0.0","0, 0.0, 0.0","0, 0.0, 0.0","0, 0.0, 0.0","0, 0.0, 0.0","0, 0.0, 0.0","0, 0.0, 0.0","0, 0.0, 0.0","0, 0.0, 0.0"
"30D[100|0|0]#S9{1,128|5E12,4E17}","0, 0.0, 0.0","0, 0.0, 0.0","0, 0.0, 0.0","0, 0.0, 0.0","0, 0.0, 0.0","0, 0.0, 0.0","0, 0.0, 0.0","0, 0.0, 0.0","0, 0.0, 0.0","0, 0.0, 0.0","0, 0.0, 0.0"
"30D[90|0|10]#S0{1,128|5E12,4E17}","862, 18.3, 0.4","869, 18.1, 0.4","888, 18.7, 0.4","882, 18.8, 0.4","904, 18.7, 0.4","863, 18.7, 0.4","1039, 15.1, 0.4","1004, 14.5, 0.4","1017, 14.8, 0.4","0, 0.0, 0.0","0, 0.0, 0.0"
"30D[90|0|10]#S1{1,128|5E12,4E17}","769, 19.3, 0.3","773, 18.6, 0.3","748, 19.2, 0.3","769, 19.3, 0.3","767, 18.4, 0.3","782, 19.4, 0.3","874, 15.5, 0.4","861, 14.5, 0.4","868, 15.4, 0.4","0, 0.0, 0.0","0, 0.0, 0.0"
"30D[90|0|10]#S2{1,128|5E12,4E17}","746, 20.5, 0.3","724, 20.0, 0.3","749, 20.7, 0.3","757, 20.6, 0.3","736, 20.1, 0.3","757, 20.6, 0.3","776, 16.1, 0.3","766, 15.8, 0.3","767, 16.2, 0.3","0, 0.0, 0.0","0, 0.0, 0.0"
"30D[90|0|10]#S3{1,128|5E12,4E17}","798, 18.5, 0.3","839, 18.0, 0.4","798, 18.5, 0.3","800, 18.6, 0.3","824, 17.9, 0.4","802, 18.4, 0.3","938, 15.2, 0.4","916, 15.2, 0.4","960, 15.1, 0.4","0, 0.0, 0.0","0, 0.0, 0.0"
"30D[90|0|10]#S4{1,128|5E12,4E17}","699, 19.7, 0.3","747, 19.3, 0.3","698, 19.4, 0.3","707, 19.3, 0.3","718, 19.7, 0.3","682, 19.0, 0.3","836, 15.1, 0.4","825, 15.6, 0.4","827, 15.1, 0.4","0, 0.0, 0.0","0, 0.0, 0.0"
"30D[90|0|10]#S5{1,128|5E12,4E17}","763, 19.3, 0.3","805, 19.1, 0.4","789, 19.3, 0.3","783, 19.6, 0.3","757, 19.2, 0.3","783, 19.6, 0.3","878, 15.4, 0.4","825, 15.9, 0.4","829, 15.7, 0.4","0, 0.0, 0.0","0, 0.0, 0.0"
"30D[90|0|10]#S6{1,128|5E12,4E17}","800, 18.9, 0.3","827, 18.2, 0.4","778, 18.8, 0.3","791, 18.8, 0.3","794, 18.3, 0.3","791, 18.8, 0.3","875, 14.6, 0.4","885, 14.7, 0.4","879, 14.6, 0.4","0, 0.0, 0.0","0, 0.0, 0.0"
"30D[90|0|10]#S7{1,128|5E12,4E17}","832, 18.4, 0.4","846, 18.2, 0.4","832, 18.4, 0.4","834, 18.8, 0.4","835, 18.4, 0.4","834, 18.8, 0.4","904, 15.2, 0.4","862, 15.1, 0.4","876, 15.6, 0.4","0, 0.0, 0.0","0, 0.0, 0.0"
"30D[90|0|10]#S8{1,128|5E12,4E17}","790, 18.3, 0.3","808, 18.8, 0.3","797, 18.5, 0.3","771, 18.6, 0.3","750, 18.0, 0.3","802, 18.9, 0.3","836, 14.4, 0.4","807, 14.9, 0.3","839, 14.4, 0.4","0, 0.0, 0.0","0, 0.0, 0.0"
"30D[90|0|10]#S9{1,128|5E12,4E17}","779, 18.8, 0.3","782, 18.6, 0.3","772, 19.1, 0.3","773, 18.9, 0.3","791, 18.3, 0.3","774, 18.6, 0.3","852, 15.6, 0.4","879, 15.2, 0.4","862, 15.7, 0.4","0, 0.0, 0.0","0, 0.0, 0.0"
"30D[80|0|20]#S0{1,128|5E12,4E17}","1185, 20.9, 0.5","1255, 20.4, 0.5","1186, 20.9, 0.5","1181, 21.0, 0.5","1248, 20.6, 0.5","1192, 20.4, 0.5","1459, 16.4, 0.6","1492, 16.1, 0.6","1439, 16.1, 0.6","0, 0.0, 0.0","0, 0.0, 0.0"
"30D[80|0|20]#S1{1,128|5E12,4E17}","1079, 21.1, 0.5","1083, 21.3, 0.5","1072, 21.2, 0.5","1090, 21.6, 0.5","1110, 21.3, 0.5","1090, 21.6, 0.5","1290, 16.0, 0.6","1285, 16.2, 0.6","1247, 16.3, 0.6","0, 0.0, 0.0","0, 0.0, 0.0"
"30D[80|0|20]#S2{1,128|5E12,4E17}","1091, 21.4, 0.5","1154, 20.8, 0.5","1105, 21.6, 0.5","1111, 21.6, 0.5","1110, 21.4, 0.5","1106, 21.5, 0.5","1209, 17.3, 0.5","1249, 17.1, 0.5","1216, 17.3, 0.5","0, 0.0, 0.0","0, 0.0, 0.0"
"30D[80|0|20]#S3{1,128|5E12,4E17}","1187, 21.2, 0.5","1185, 20.7, 0.5","1185, 21.2, 0.5","1175, 21.5, 0.5","1207, 20.6, 0.5","1165, 21.5, 0.5","1362, 16.5, 0.6","1410, 16.1, 0.6","1364, 16.5, 0.6","0, 0.0, 0.0","0, 0.0, 0.0"
"30D[80|0|20]#S4{1,128|5E12,4E17}","1092, 20.9, 0.5","1084, 20.5, 0.5","1073, 21.0, 0.5","1038, 21.3, 0.5","1062, 21.1, 0.5","1038, 21.3, 0.5","1199, 16.3, 0.5","1256, 16.4, 0.6","1200, 16.3, 0.5","0, 0.0, 0.0","0, 0.0, 0.0"
"30D[80|0|20]#S5{1,128|5E12,4E17}","1125, 21.4, 0.5","1153, 20.7, 0.5","1125, 21.4, 0.5","1107, 21.7, 0.5","1136, 21.0, 0.5","1107, 21.4, 0.5","1259, 17.2, 0.6","1306, 16.8, 0.6","1281, 17.0, 0.6","0, 0.0, 0.0","0, 0.0, 0.0"
"30D[80|0|20]#S6{1,128|5E12,4E17}","1140, 20.7, 0.5","1158, 20.1, 0.5","1142, 20.8, 0.5","1119, 20.8, 0.5","1146, 20.7, 0.5","1134, 20.9, 0.5","1355, 16.0, 0.6","1338, 16.2, 0.6","1364, 16.0, 0.6","0, 0.0, 0.0","0, 0.0, 0.0"
"30D[80|0|20]#S7{1,128|5E12,4E17}","1101, 19.8, 0.5","1197, 19.4, 0.5","1141, 20.3, 0.5","1117, 20.2, 0.5","1181, 20.2, 0.5","1155, 20.7, 0.5","1206, 16.5, 0.5","1315, 15.7, 0.6","1192, 17.0, 0.5","0, 0.0, 0.0","0, 0.0, 0.0"
"30D[80|0|20]#S8{1,128|5E12,4E17}","1169, 20.9, 0.5","1178, 20.3, 0.5","1179, 20.7, 0.5","1123, 20.8, 0.5","1206, 20.7, 0.5","1130, 20.8, 0.5","1286, 16.8, 0.6","1228, 17.0, 0.5","1275, 16.7, 0.5","0, 0.0, 0.0","0, 0.0, 0.0"
"30D[80|0|20]#S9{1,128|5E12,4E17}","1140, 20.9, 0.5","1176, 20.4, 0.5","1150, 21.0, 0.5","1152, 20.8, 0.5","1182, 20.3, 0.5","1161, 20.9, 0.5","1244, 16.9, 0.5","1361, 17.1, 0.6","1258, 16.7, 0.6","0, 0.0, 0.0","0, 0.0, 0.0"
"30D[70|0|30]#S0{1,128|5E12,4E17}","1422, 22.0, 0.6","1478, 21.4, 0.6","1415, 21.8, 0.6","1424, 22.0, 0.6","1449, 21.8, 0.6","1409, 21.9, 0.6","1727, 16.5, 0.7","1705, 16.4, 0.7","1735, 16.7, 0.7","0, 0.0, 0.0","0, 0.0, 0.0"
"30D[70|0|30]#S1{1,128|5E12,4E17}","1312, 22.4, 0.6","1342, 22.0, 0.6","1315, 22.0, 0.6","1295, 22.2, 0.6","1318, 22.1, 0.6","1288, 22.1, 0.6","1587, 17.5, 0.7","1577, 17.1, 0.7","1577, 17.2, 0.7","0, 0.0, 0.0","0, 0.0, 0.0"
"30D[70|0|30]#S2{1,128|5E12,4E17}","1333, 22.2, 0.6","1380, 22.1, 0.6","1341, 22.0, 0.6","1325, 21.5, 0.6","1410, 22.0, 0.6","1324, 21.8, 0.6","1533, 17.3, 0.7","1609, 17.2, 0.7","1601, 17.3, 0.7","0, 0.0, 0.0","0, 0.0, 0.0"
"30D[70|0|30]#S3{1,128|5E12,4E17}","1395, 21.5, 0.6","1434, 21.1, 0.6","1395, 21.5, 0.6","1368, 21.6, 0.6","1421, 21.6, 0.6","1368, 21.6, 0.6","1683, 17.0, 0.7","1676, 17.0, 0.7","1685, 17.2, 0.7","0, 0.0, 0.0","0, 0.0, 0.0"
"30D[70|0|30]#S4{1,128|5E12,4E17}","1289, 22.8, 0.6","1328, 21.9, 0.6","1320, 22.8, 0.6","1303, 22.4, 0.6","1344, 22.3, 0.6","1307, 22.5, 0.6","1530, 17.5, 0.7","1576, 17.1, 0.7","1515, 17.4, 0.7","0, 0.0, 0.0","0, 0.0, 0.0"
"30D[70|0|30]#S5{1,128|5E12,4E17}","1317, 22.6, 0.6","1375, 22.6, 0.6","1317, 22.6, 0.6","1323, 23.3, 0.6","1358, 23.1, 0.6","1332, 23.3, 0.6","1636, 17.7, 0.7","1631, 17.3, 0.7","1614, 17.7, 0.7","0, 0.0, 0.0","0, 0.0, 0.0"
"30D[70|0|30]#S6{1,128|5E12,4E17}","1396, 21.4, 0.6","1393, 21.4, 0.6","1378, 21.6, 0.6","1378, 22.1, 0.6","1390, 21.3, 0.6","1376, 21.9, 0.6","1656, 16.8, 0.7","1705, 16.7, 0.7","1656, 16.8, 0.7","0, 0.0, 0.0","0, 0.0, 0.0"
"30D[70|0|30]#S7{1,128|5E12,4E17}","1404, 21.0, 0.6","1449, 20.8, 0.6","1400, 21.3, 0.6","1378, 21.8, 0.6","1447, 21.2, 0.6","1346, 20.8, 0.6","1640, 17.3, 0.7","1665, 16.9, 0.7","1587, 17.1, 0.7","0, 0.0, 0.0","0, 0.0, 0.0"
"30D[70|0|30]#S8{1,128|5E12,4E17}","1406, 22.0, 0.6","1445, 21.6, 0.6","1405, 22.0, 0.6","1412, 22.2, 0.6","1443, 21.7, 0.6","1412, 22.2, 0.6","1665, 17.3, 0.7","1718, 17.6, 0.7","1706, 17.5, 0.7","0, 0.0, 0.0","0, 0.0, 0.0"
"30D[70|0|30]#S9{1,128|5E12,4E17}","1368, 22.3, 0.6","1378, 21.5, 0.6","1384, 22.0, 0.6","1389, 22.4, 0.6","1409, 22.4, 0.6","1375, 22.2, 0.6","1595, 17.7, 0.7","1676, 17.6, 0.7","1600, 17.7, 0.7","0, 0.0, 0.0","0, 0.0, 0.0"
"30D[60|0|40]#S0{1,128|5E12,4E17}","1616, 22.1, 0.7","1636, 21.9, 0.7","1626, 22.1, 0.7","1601, 22.6, 0.7","1625, 21.9, 0.7","1600, 22.6, 0.7","2000, 16.9, 0.9","2032, 16.8, 0.9","1991, 16.9, 0.9","0, 0.0, 0.0","0, 0.0, 0.0"
"30D[60|0|40]#S1{1,128|5E12,4E17}","1452, 23.4, 0.6","1499, 23.1, 0.7","1453, 23.5, 0.6","1426, 23.6, 0.6","1472, 23.3, 0.7","1428, 23.5, 0.6","1741, 17.1, 0.8","1814, 17.3, 0.8","1750, 17.3, 0.8","0, 0.0, 0.0","0, 0.0, 0.0"
"30D[60|0|40]#S2{1,128|5E12,4E17}","1550, 22.7, 0.7","1601, 22.2, 0.7","1557, 22.8, 0.7","1541, 22.9, 0.7","1562, 22.1, 0.7","1555, 22.9, 0.7","1812, 17.8, 0.8","1828, 17.6, 0.8","1828, 17.7, 0.8","0, 0.0, 0.0","0, 0.0, 0.0"
"30D[60|0|40]#S3{1,128|5E12,4E17}","1640, 23.4, 0.7","1646, 23.1, 0.7","1643, 23.3, 0.7","1594, 23.7, 0.7","1627, 23.7, 0.7","1597, 23.6, 0.7","1943, 17.8, 0.8","1991, 17.5, 0.9","1933, 18.0, 0.8","0, 0.0, 0.0","0, 0.0, 0.0"
"30D[60|0|40]#S4{1,128|5E12,4E17}","1486, 23.4, 0.7","1513, 22.9, 0.7","1486, 23.4, 0.7","1494, 24.0, 0.7","1487, 23.7, 0.7","1494, 23.7, 0.7","1806, 17.7, 0.8","1800, 17.6, 0.8","1822, 17.8, 0.8","0, 0.0, 0.0","0, 0.0, 0.0"
"30D[60|0|40]#S5{1,128|5E12,4E17}","1530, 23.5, 0.7","1567, 23.9, 0.7","1543, 23.7, 0.7","1532, 23.7, 0.7","1549, 24.0, 0.7","1530, 23.6, 0.7","1897, 18.0, 0.8","1928, 17.8, 0.8","1908, 17.9, 0.8","0, 0.0, 0.0","0, 0.0, 0.0"
"30D[60|0|40]#S6{1,128|5E12,4E17}","1562, 22.6, 0.7","1597, 22.5, 0.7","1566, 22.4, 0.7","1556, 23.0, 0.7","1599, 22.6, 0.7","1551, 22.8, 0.7","1850, 17.5, 0.8","1972, 17.4, 0.9","1873, 17.3, 0.8","0, 0.0, 0.0","0, 0.0, 0.0"
"30D[60|0|40]#S7{1,128|5E12,4E17}","1606, 22.5, 0.7","1631, 22.0, 0.7","1604, 22.5, 0.7","1583, 22.0, 0.7","1622, 22.4, 0.7","1592, 22.0, 0.7","1940, 17.6, 0.8","1995, 17.1, 0.9","1937, 17.8, 0.8","0, 0.0, 0.0","0, 0.0, 0.0"
"30D[60|0|40]#S8{1,128|5E12,4E17}","1597, 22.5, 0.7","1648, 22.9, 0.7","1613, 22.8, 0.7","1578, 23.0, 0.7","1644, 23.2, 0.7","1562, 23.1, 0.7","1901, 17.5, 0.8","1928, 17.7, 0.8","1957, 17.6, 0.8","0, 0.0, 0.0","0, 0.0, 0.0"
"30D[60|0|40]#S9{1,128|5E12,4E17}","1562, 23.3, 0.7","1572, 23.2, 0.7","1558, 23.3, 0.7","1532, 23.1, 0.7","1573, 23.5, 0.7","1538, 23.2, 0.7","1888, 17.9, 0.8","1868, 17.9, 0.8","1885, 18.3, 0.8","0, 0.0, 0.0","0, 0.0, 0.0"
"30D[50|0|50]#S0{1,128|5E12,4E17}","1773, 23.0, 0.8","1804, 22.7, 0.8","1775, 22.9, 0.8","1745, 23.5, 0.8","1763, 23.2, 0.8","1753, 23.4, 0.8","2163, 17.3, 0.9","2149, 17.1, 0.9","2161, 17.4, 0.9","0, 0.0, 0.0","0, 0.0, 0.0"
"30D[50|0|50]#S1{1,128|5E12,4E17}","1634, 24.1, 0.7","1643, 24.4, 0.7","1639, 24.0, 0.7","1626, 24.6, 0.7","1620, 24.1, 0.7","1626, 24.6, 0.7","1982, 17.3, 0.9","2000, 17.4, 0.9","1980, 17.3, 0.9","0, 0.0, 0.0","0, 0.0, 0.0"
"30D[50|0|50]#S2{1,128|5E12,4E17}","1737, 23.3, 0.8","1738, 23.1, 0.8","1722, 23.0, 0.8","1703, 23.6, 0.7","1755, 23.5, 0.8","1706, 23.4, 0.7","2055, 18.0, 0.9","2089, 17.9, 0.9","2044, 18.0, 0.9","0, 0.0, 0.0","0, 0.0, 0.0"
"30D[50|0|50]#S3{1,128|5E12,4E17}","1780, 24.6, 0.8","1818, 24.3, 0.8","1777, 24.2, 0.8","1776, 24.6, 0.8","1801, 24.6, 0.8","1776, 24.6, 0.8","2129, 17.9, 0.9","2235, 18.0, 1.0","2129, 17.9, 0.9","0, 0.0, 0.0","0, 0.0, 0.0"
"30D[50|0|50]#S4{1,128|5E12,4E17}","1675, 24.3, 0.7","1686, 23.8, 0.7","1675, 24.3, 0.7","1675, 23.9, 0.7","1695, 23.9, 0.7","1684, 24.1, 0.7","2029, 18.0, 0.9","1975, 17.9, 0.9","2020, 18.0, 0.9","0, 0.0, 0.0","0, 0.0, 0.0"
"30D[50|0|50]#S5{1,128|5E12,4E17}","1748, 25.2, 0.8","1760, 24.8, 0.8","1740, 24.9, 0.8","1728, 25.3, 0.8","1762, 25.1, 0.8","1715, 25.4, 0.8","2125, 18.5, 0.9","2130, 18.6, 0.9","2115, 18.7, 0.9","0, 0.0, 0.0","0, 0.0, 0.0"
"30D[50|0|50]#S6{1,128|5E12,4E17}","1720, 22.8, 0.7","1723, 22.9, 0.7","1724, 22.7, 0.7","1700, 23.3, 0.7","1733, 23.2, 0.8","1695, 23.3, 0.7","2071, 17.3, 0.9","2100, 17.2, 0.9","2089, 17.3, 0.9","0, 0.0, 0.0","0, 0.0, 0.0"
"30D[50|0|50]#S7{1,128|5E12,4E17}","1762, 23.0, 0.8","1772, 22.6, 0.8","1732, 22.8, 0.8","1732, 23.2, 0.8","1742, 22.9, 0.8","1724, 23.1, 0.7","2120, 17.6, 0.9","2152, 17.2, 0.9","2143, 17.3, 0.9","0, 0.0, 0.0","0, 0.0, 0.0"
"30D[50|0|50]#S8{1,128|5E12,4E17}","1761, 23.5, 0.8","1785, 23.1, 0.8","1742, 23.5, 0.8","1739, 24.2, 0.7","1772, 23.6, 0.8","1742, 24.1, 0.8","2123, 17.9, 0.9","2137, 17.8, 0.9","2122, 17.9, 0.9","0, 0.0, 0.0","0, 0.0, 0.0"
"30D[50|0|50]#S9{1,128|5E12,4E17}","1737, 23.3, 0.8","1773, 23.4, 0.8","1736, 22.9, 0.8","1694, 23.5, 0.7","1724, 22.8, 0.8","1721, 23.0, 0.8","2101, 17.8, 0.9","2196, 17.5, 1.0","2142, 18.0, 0.9","0, 0.0, 0.0","0, 0.0, 0.0"
"30D[40|0|60]#S0{1,128|5E12,4E17}","1916, 23.7, 0.8","1937, 23.3, 0.8","1918, 23.9, 0.8","1896, 23.9, 0.8","1912, 23.8, 0.8","1894, 24.0, 0.8","2310, 17.6, 1.0","2406, 17.5, 1.0","2330, 17.6, 1.0","0, 0.0, 0.0","0, 0.0, 0.0"
"30D[40|0|60]#S1{1,128|5E12,4E17}","1816, 24.4, 0.8","1837, 24.4, 0.8","1814, 24.5, 0.8","1780, 25.0, 0.8","1811, 24.7, 0.8","1785, 24.9, 0.8","2198, 18.1, 1.0","2232, 18.0, 1.0","2211, 18.1, 1.0","0, 0.0, 0.0","0, 0.0, 0.0"
"30D[40|0|60]#S2{1,128|5E12,4E17}","1859, 23.7, 0.8","1885, 23.5, 0.8","1850, 23.7, 0.8","1844, 24.1, 0.8","1856, 24.0, 0.8","1844, 24.0, 0.8","2264, 18.0, 1.0","2333, 17.8, 1.0","2262, 18.1, 1.0","0, 0.0, 0.0","0, 0.0, 0.0"
"30D[40|0|60]#S3{1,128|5E12,4E17}","1922, 24.7, 0.8","1951, 24.2, 0.8","1928, 24.6, 0.8","1904, 24.5, 0.8","1918, 25.1, 0.8","1906, 24.5, 0.8","2324, 17.9, 1.0","2371, 17.7, 1.0","2333, 17.9, 1.0","0, 0.0, 0.0","0, 0.0, 0.0"
"30D[40|0|60]#S4{1,128|5E12,4E17}","1814, 24.7, 0.8","1835, 24.3, 0.8","1815, 24.7, 0.8","1820, 24.8, 0.8","1848, 24.8, 0.8","1806, 25.1, 0.8","2301, 18.0, 1.0","2306, 18.0, 1.0","2269, 18.1, 1.0","0, 0.0, 0.0","0, 0.0, 0.0"
"30D[40|0|60]#S5{1,128|5E12,4E17}","1871, 26.0, 0.8","1893, 26.2, 0.8","1871, 26.0, 0.8","1854, 26.6, 0.8","1872, 26.2, 0.8","1850, 26.2, 0.8","2279, 18.8, 1.0","2277, 18.8, 1.0","2280, 18.9, 1.0","0, 0.0, 0.0","0, 0.0, 0.0"
"30D[40|0|60]#S6{1,128|5E12,4E17}","1847, 23.7, 0.8","1897, 23.9, 0.8","1872, 24.0, 0.8","1815, 24.6, 0.8","1869, 24.2, 0.8","1814, 24.5, 0.8","2281, 17.9, 1.0","2323, 17.8, 1.0","2312, 17.8, 1.0","0, 0.0, 0.0","0, 0.0, 0.0"
"30D[40|0|60]#S7{1,128|5E12,4E17}","1866, 23.7, 0.8","1893, 23.2, 0.8","1877, 23.6, 0.8","1870, 23.5, 0.8","1920, 23.6, 0.8","1853, 23.4, 0.8","2288, 17.5, 1.0","2306, 17.6, 1.0","2233, 17.8, 1.0","0, 0.0, 0.0","0, 0.0, 0.0"
"30D[40|0|60]#S8{1,128|5E12,4E17}","1849, 24.3, 0.8","1887, 23.9, 0.8","1867, 24.2, 0.8","1830, 24.5, 0.8","1861, 24.4, 0.8","1830, 24.5, 0.8","2303, 18.0, 1.0","2299, 17.6, 1.0","2271, 17.8, 1.0","0, 0.0, 0.0","0, 0.0, 0.0"
"30D[40|0|60]#S9{1,128|5E12,4E17}","1883, 23.1, 0.8","1899, 23.7, 0.8","1844, 23.7, 0.8","1833, 23.4, 0.8","1887, 23.6, 0.8","1839, 23.2, 0.8","2235, 17.7, 1.0","2322, 17.8, 1.0","2271, 17.5, 1.0","0, 0.0, 0.0","0, 0.0, 0.0"
"30D[30|0|70]#S0{1,128|5E12,4E17}","2039, 23.6, 0.9","2058, 24.0, 0.9","2030, 23.9, 0.9","2038, 23.8, 0.9","2063, 23.8, 0.9","2057, 24.0, 0.9","2424, 17.9, 1.0","2390, 17.9, 1.0","2382, 17.9, 1.0","0, 0.0, 0.0","0, 0.0, 0.0"
"30D[30|0|70]#S1{1,128|5E12,4E17}","1947, 25.9, 0.9","1980, 25.8, 0.9","1959, 26.1, 0.9","1962, 25.7, 0.9","1960, 25.3, 0.9","1962, 25.7, 0.9","2427, 18.6, 1.1","2459, 18.3, 1.1","2426, 18.6, 1.1","0, 0.0, 0.0","0, 0.0, 0.0"
"30D[30|0|70]#S2{1,128|5E12,4E17}","2000, 23.8, 0.9","2016, 23.6, 0.9","1991, 23.9, 0.9","1963, 23.9, 0.9","2018, 23.9, 0.9","1980, 24.1, 0.9","2410, 18.2, 1.0","2495, 18.0, 1.1","2414, 18.1, 1.1","0, 0.0, 0.0","0, 0.0, 0.0"
"30D[30|0|70]#S3{1,128|5E12,4E17}","2045, 25.1, 0.9","2096, 25.0, 0.9","2053, 25.1, 0.9","2039, 25.4, 0.9","2065, 25.0, 0.9","2032, 25.4, 0.9","2540, 18.2, 1.1","2595, 17.9, 1.1","2589, 18.1, 1.1","0, 0.0, 0.0","0, 0.0, 0.0"
"30D[30|0|70]#S4{1,128|5E12,4E17}","1976, 24.7, 0.9","1980, 24.5, 0.9","1967, 24.8, 0.9","1951, 25.1, 0.9","1976, 24.6, 0.9","1957, 25.2, 0.9","2433, 18.2, 1.1","2466, 18.2, 1.1","2392, 18.2, 1.1","0, 0.0, 0.0","0, 0.0, 0.0"
"30D[30|0|70]#S5{1,128|5E12,4E17}","2007, 26.8, 0.9","2035, 26.2, 0.9","2007, 26.8, 0.9","1983, 26.6, 0.9","2019, 27.1, 0.9","1983, 26.6, 0.9","2483, 19.2, 1.1","2487, 19.2, 1.1","2467, 19.3, 1.1","0, 0.0, 0.0","0, 0.0, 0.0"
"30D[30|0|70]#S6{1,128|5E12,4E17}","2039, 24.4, 0.9","2058, 24.3, 0.9","2047, 24.4, 0.9","2016, 24.4, 0.9","2036, 24.7, 0.9","2010, 24.9, 0.9","2476, 18.1, 1.1","2466, 18.3, 1.1","2431, 18.1, 1.1","0, 0.0, 0.0","0, 0.0, 0.0"
"30D[30|0|70]#S7{1,128|5E12,4E17}","2038, 24.0, 0.9","2066, 23.6, 0.9","2048, 23.9, 0.9","2022, 24.5, 0.9","2047, 23.8, 0.9","2022, 24.5, 0.9","2481, 17.6, 1.1","2538, 17.7, 1.1","2456, 17.7, 1.1","0, 0.0, 0.0","0, 0.0, 0.0"
"30D[30|0|70]#S8{1,128|5E12,4E17}","2057, 24.4, 0.9","2064, 24.1, 0.9","2030, 24.3, 0.9","2018, 24.8, 0.9","2052, 24.3, 0.9","2018, 24.8, 0.9","2479, 17.9, 1.1","2546, 17.9, 1.1","2487, 18.0, 1.1","0, 0.0, 0.0","0, 0.0, 0.0"
"30D[30|0|70]#S9{1,128|5E12,4E17}","1953, 23.6, 0.9","1985, 23.0, 0.9","1964, 23.1, 0.9","1946, 23.5, 0.9","2005, 23.5, 0.9","1958, 23.5, 0.9","2370, 17.4, 1.0","2412, 17.7, 1.1","2370, 17.4, 1.0","0, 0.0, 0.0","0, 0.0, 0.0"
"30D[20|0|80]#S0{1,128|5E12,4E17}","2179, 24.2, 0.9","2225, 24.1, 1.0","2179, 24.2, 0.9","2173, 24.4, 0.9","2190, 24.7, 0.9","2169, 24.7, 0.9","2659, 18.3, 1.1","2634, 18.1, 1.1","2667, 18.3, 1.2","0, 0.0, 0.0","0, 0.0, 0.0"
"30D[20|0|80]#S1{1,128|5E12,4E17}","2060, 26.5, 0.9","2102, 25.8, 0.9","2060, 26.4, 0.9","2028, 26.5, 0.9","2085, 26.0, 0.9","2028, 26.5, 0.9","2538, 18.7, 1.1","2627, 18.7, 1.2","2515, 18.7, 1.1","0, 0.0, 0.0","0, 0.0, 0.0"
"30D[20|0|80]#S2{1,128|5E12,4E17}","2097, 23.9, 0.9","2124, 23.7, 0.9","2108, 24.0, 0.9","2078, 24.6, 0.9","2086, 23.7, 0.9","2076, 24.4, 0.9","2526, 18.4, 1.1","2587, 18.2, 1.1","2464, 18.5, 1.1","0, 0.0, 0.0","0, 0.0, 0.0"
"30D[20|0|80]#S3{1,128|5E12,4E17}","2175, 25.3, 0.9","2197, 25.3, 1.0","2175, 25.3, 0.9","2163, 25.8, 0.9","2157, 25.3, 0.9","2164, 25.7, 0.9","2638, 18.1, 1.1","2664, 18.0, 1.2","2614, 18.1, 1.1","0, 0.0, 0.0","0, 0.0, 0.0"
"30D[20|0|80]#S4{1,128|5E12,4E17}","2066, 25.4, 0.9","2122, 25.0, 0.9","2089, 25.6, 0.9","2059, 25.3, 0.9","2102, 25.1, 0.9","2059, 25.3, 0.9","2500, 18.4, 1.1","2606, 18.1, 1.2","2541, 18.4, 1.1","0, 0.0, 0.0","0, 0.0, 0.0"
"30D[20|0|80]#S5{1,128|5E12,4E17}","2150, 27.1, 0.9","2185, 27.0, 1.0","2145, 27.1, 0.9","2095, 27.0, 0.9","2108, 27.1, 0.9","2095, 27.0, 0.9","2524, 19.2, 1.1","2572, 19.5, 1.1","2546, 19.4, 1.1","0, 0.0, 0.0","0, 0.0, 0.0"
"30D[20|0|80]#S6{1,128|5E12,4E17}","2113, 24.8, 0.9","2138, 24.9, 0.9","2115, 24.7, 0.9","2089, 24.9, 0.9","2116, 24.9, 0.9","2086, 24.9, 0.9","2603, 18.6, 1.1","2592, 18.3, 1.1","2595, 18.5, 1.1","0, 0.0, 0.0","0, 0.0, 0.0"
"30D[20|0|80]#S7{1,128|5E12,4E17}","2168, 24.0, 0.9","2209, 24.4, 1.0","2174, 24.5, 0.9","2139, 24.9, 0.9","2187, 24.5, 0.9","2148, 24.7, 0.9","2631, 18.2, 1.1","2631, 18.3, 1.1","2596, 18.1, 1.1","0, 0.0, 0.0","0, 0.0, 0.0"
"30D[20|0|80]#S8{1,128|5E12,4E17}","2180, 25.4, 0.9","2182, 25.1, 0.9","2152, 25.6, 0.9","2147, 25.6, 0.9","2134, 24.8, 0.9","2143, 25.7, 0.9","2574, 18.0, 1.1","2602, 17.9, 1.1","2571, 18.1, 1.1","0, 0.0, 0.0","0, 0.0, 0.0"
"30D[20|0|80]#S9{1,128|5E12,4E17}","2054, 24.1, 0.9","2109, 24.2, 0.9","2077, 24.6, 0.9","2067, 24.8, 0.9","2108, 24.4, 0.9","2067, 24.8, 0.9","2472, 18.2, 1.1","2524, 17.9, 1.1","2485, 18.1, 1.1","0, 0.0, 0.0","0, 0.0, 0.0"
"30D[10|0|90]#S0{1,128|5E12,4E17}","2256, 24.3, 1.0","2295, 24.4, 1.0","2249, 24.4, 1.0","2256, 24.8, 1.0","2235, 23.9, 1.0","2253, 24.5, 1.0","2682, 18.5, 1.2","2673, 18.1, 1.2","2633, 18.3, 1.1","0, 0.0, 0.0","0, 0.0, 0.0"
"30D[10|0|90]#S1{1,128|5E12,4E17}","2143, 25.7, 1.0","2185, 26.2, 1.0","2155, 25.9, 1.0","2137, 25.9, 1.0","2162, 26.2, 1.0","2151, 26.2, 1.0","2526, 18.7, 1.1","2497, 18.7, 1.1","2530, 18.6, 1.1","0, 0.0, 0.0","0, 0.0, 0.0"
"30D[10|0|90]#S2{1,128|5E12,4E17}","2209, 24.4, 1.0","2220, 24.2, 1.0","2209, 24.4, 1.0","2211, 24.9, 1.0","2233, 24.3, 1.0","2209, 24.8, 1.0","2530, 18.2, 1.1","2666, 18.1, 1.2","2629, 18.3, 1.1","0, 0.0, 0.0","0, 0.0, 0.0"
"30D[10|0|90]#S3{1,128|5E12,4E17}","2261, 25.0, 1.0","2277, 24.8, 1.0","2264, 25.1, 1.0","2234, 25.8, 1.0","2283, 25.4, 1.0","2239, 25.9, 1.0","2617, 18.1, 1.1","2619, 18.0, 1.1","2624, 18.0, 1.1","0, 0.0, 0.0","0, 0.0, 0.0"
"30D[10|0|90]#S4{1,128|5E12,4E17}","2169, 24.9, 1.0","2190, 25.1, 1.0","2163, 24.3, 1.0","2097, 24.6, 0.9","2153, 24.9, 1.0","2103, 24.7, 0.9","2465, 18.3, 1.1","2573, 18.2, 1.1","2514, 18.3, 1.1","0, 0.0, 0.0","0, 0.0, 0.0"
"30D[10|0|90]#S5{1,128|5E12,4E17}","2230, 26.5, 1.0","2247, 26.2, 1.0","2230, 26.5, 1.0","2202, 26.6, 1.0","2231, 26.5, 1.0","2201, 26.7, 1.0","2543, 19.5, 1.1","2591, 19.4, 1.1","2557, 19.5, 1.1","0, 0.0, 0.0","0, 0.0, 0.0"
"30D[10|0|90]#S6{1,128|5E12,4E17}","2205, 24.3, 1.0","2207, 24.0, 1.0","2211, 24.5, 1.0","2190, 25.0, 0.9","2202, 24.6, 1.0","2188, 24.9, 0.9","2466, 18.4, 1.1","2475, 18.1, 1.1","2455, 18.3, 1.1","0, 0.0, 0.0","0, 0.0, 0.0"
"30D[10|0|90]#S7{1,128|5E12,4E17}","2227, 24.7, 1.0","2254, 23.9, 1.0","2222, 24.7, 1.0","2206, 24.6, 1.0","2244, 24.4, 1.0","2213, 24.8, 1.0","2516, 18.2, 1.1","2595, 18.0, 1.1","2519, 18.1, 1.1","0, 0.0, 0.0","0, 0.0, 0.0"
"30D[10|0|90]#S8{1,128|5E12,4E17}","2259, 25.9, 1.0","2264, 24.9, 1.0","2248, 25.9, 1.0","2235, 26.4, 1.0","2232, 25.6, 1.0","2237, 26.3, 1.0","2573, 18.4, 1.1","2629, 18.1, 1.1","2563, 18.4, 1.1","0, 0.0, 0.0","0, 0.0, 0.0"
"30D[10|0|90]#S9{1,128|5E12,4E17}","2161, 25.2, 0.9","2177, 24.4, 1.0","2161, 25.2, 0.9","2160, 24.8, 0.9","2160, 24.5, 0.9","2166, 25.2, 1.0","2447, 18.3, 1.1","2583, 18.2, 1.1","2451, 18.2, 1.1","0, 0.0, 0.0","0, 0.0, 0.0"
"30D[0|0|100]#S0{1,128|5E12,4E17}","2004, 20.3, 0.9","2076, 19.6, 0.9","2004, 20.3, 0.9","1963, 20.6, 0.8","2045, 20.1, 0.9","1963, 20.6, 0.8","1861, 17.2, 0.8","1896, 16.8, 0.8","1861, 17.2, 0.8","0, 0.0, 0.0","0, 0.0, 0.0"
"30D[0|0|100]#S1{1,128|5E12,4E17}","1939, 19.0, 0.9","2018, 18.4, 0.9","1940, 19.0, 0.9","1909, 19.2, 0.9","1967, 18.8, 0.9","1909, 19.2, 0.9","1565, 17.0, 0.7","1597, 16.7, 0.7","1566, 17.0, 0.7","0, 0.0, 0.0","0, 0.0, 0.0"
"30D[0|0|100]#S2{1,128|5E12,4E17}","1954, 17.4, 0.9","1990, 17.4, 0.9","1954, 17.4, 0.9","1941, 17.6, 0.8","1984, 17.5, 0.9","1940, 17.6, 0.8","1582, 16.2, 0.7","1602, 16.1, 0.7","1582, 16.2, 0.7","0, 0.0, 0.0","0, 0.0, 0.0"
"30D[0|0|100]#S3{1,128|5E12,4E17}","2059, 19.3, 0.9","2102, 18.8, 0.9","2059, 19.3, 0.9","2051, 18.9, 0.9","2071, 19.1, 0.9","2051, 18.9, 0.9","1638, 16.4, 0.7","1679, 16.2, 0.7","1644, 16.4, 0.7","0, 0.0, 0.0","0, 0.0, 0.0"
"30D[0|0|100]#S4{1,128|5E12,4E17}","1957, 19.9, 0.9","2003, 19.8, 0.9","1957, 19.9, 0.9","1959, 20.1, 0.9","2003, 19.9, 0.9","1959, 20.1, 0.9","1693, 17.5, 0.7","1729, 17.1, 0.8","1693, 17.5, 0.7","0, 0.0, 0.0","0, 0.0, 0.0"
"30D[0|0|100]#S5{1,128|5E12,4E17}","2056, 22.4, 0.9","2084, 22.2, 0.9","2056, 22.4, 0.9","2055, 22.1, 0.9","2109, 21.7, 0.9","2055, 22.1, 0.9","1969, 18.6, 0.9","1969, 18.6, 0.9","1968, 18.6, 0.9","0, 0.0, 0.0","0, 0.0, 0.0"
"30D[0|0|100]#S6{1,128|5E12,4E17}","2029, 20.3, 0.9","2055, 20.3, 0.9","2027, 20.4, 0.9","2018, 20.7, 0.9","2062, 20.1, 0.9","2020, 20.6, 0.9","1707, 17.6, 0.7","1739, 17.5, 0.8","1705, 17.6, 0.7","0, 0.0, 0.0","0, 0.0, 0.0"
"30D[0|0|100]#S7{1,128|5E12,4E17}","2035, 19.4, 0.9","2073, 19.2, 0.9","2039, 19.3, 0.9","2034, 19.3, 0.9","2052, 19.2, 0.9","2033, 19.3, 0.9","1790, 17.0, 0.8","1817, 16.9, 0.8","1788, 17.0, 0.8","0, 0.0, 0.0","0, 0.0, 0.0"
"30D[0|0|100]#S8{1,128|5E12,4E17}","2021, 21.5, 0.9","2042, 21.2, 0.9","2021, 21.5, 0.9","2016, 21.6, 0.9","2060, 20.9, 0.9","2016, 21.6, 0.9","1836, 17.9, 0.8","1876, 17.8, 0.8","1840, 17.9, 0.8","0, 0.0, 0.0","0, 0.0, 0.0"
"30D[0|0|100]#S9{1,128|5E12,4E17}","2061, 20.5, 0.9","2058, 20.5, 0.9","2052, 20.5, 0.9","2027, 20.8, 0.9","2056, 20.6, 0.9","2027, 20.8, 0.9","1827, 17.5, 0.8","1865, 17.4, 0.8","1827, 17.5, 0.8","0, 0.0, 0.0","0, 0.0, 0.0"
